skim_type,skim_variable,n_missing,complete_rate,character.min,character.max,character.empty,character.n_unique,character.whitespace,factor.ordered,factor.n_unique,factor.top_counts,numeric.mean,numeric.sd,numeric.p0,numeric.p25,numeric.p50,numeric.p75,numeric.p100,numeric.hist
character,name,0,1,9,12,0,12,0,NA,NA,NA,NA,NA,NA,NA,NA,NA,NA,NA
character,edition,0,1,3,3,0,9,0,NA,NA,NA,NA,NA,NA,NA,NA,NA,NA,NA
character,proddate,0,1,10,10,0,8,0,NA,NA,NA,NA,NA,NA,NA,NA,NA,NA,NA
character,cntry,0,1,2,2,0,14,0,NA,NA,NA,NA,NA,NA,NA,NA,NA,NA,NA
factor,grupo_edad,1525,0.9947485864227715,NA,NA,NA,NA,NA,FALSE,5,"45-: 73703, 30-: 70143, 60-: 62595, 15-: 54721",NA,NA,NA,NA,NA,NA,NA,NA
factor,nivel_edu,34473,0.8812905047555424,NA,NA,NA,NA,NA,FALSE,3,"Med: 93224, Alt: 88168, Baj: 74533",NA,NA,NA,NA,NA,NA,NA,NA
factor,sexo,528,0.9981818056598186,NA,NA,NA,NA,NA,FALSE,2,"Muj: 151770, Hom: 138100",NA,NA,NA,NA,NA,NA,NA,NA
factor,habitat,934,0.9967837244058154,NA,NA,NA,NA,NA,FALSE,5,"Pue: 93642, Ciu: 86244, Ciu: 49250, Per: 36711",NA,NA,NA,NA,NA,NA,NA,NA
numeric,essround,0,1,NA,NA,NA,NA,NA,NA,NA,NA,5.944355677367268,3.1614683816150815,1,3,6,9,11,▇▅▅▅▆
numeric,idno,0,1,NA,NA,NA,NA,NA,NA,NA,NA,1671926490.9784918,23617486491.805744,1,2248,15656.5,67427,510130400606,▇▁▁▁▁
numeric,dweight,0,1,NA,NA,NA,NA,NA,NA,NA,NA,1.0000010880816603,0.32179130509024245,0.015483037568628788,0.9474823474884033,1,1.0192999839782715,5.19531774520874,▇▂▁▁▁
numeric,pspwght,0,1,NA,NA,NA,NA,NA,NA,NA,NA,1.0021077530058622,0.48081671099534357,7.500774809159338e-4,0.7403587698936462,0.9367843270301819,1.1581642627716064,6.854966640472412,▇▁▁▁▁
numeric,pweight,0,1,NA,NA,NA,NA,NA,NA,NA,NA,0.9978649138906582,0.9286604319572268,0.10953713208436966,0.296297550201416,0.5244277119636536,1.9042712450027466,3.2090260982513428,▇▁▁▂▁
numeric,anweight,0,1,NA,NA,NA,NA,NA,NA,NA,NA,0.9994923499041997,1.1801728066109596,3.597093455027789e-4,0.24542447924613953,0.4989036023616791,1.4979596138000488,21.997766494750977,▇▁▁▁▁
numeric,pplfair,1657,0.9942940378377262,NA,NA,NA,NA,NA,NA,NA,NA,5.874939824964517,2.205790672860541,0,5,6,8,10,▂▃▇▇▂
numeric,pplhlp,1117,0.9961535547765481,NA,NA,NA,NA,NA,NA,NA,NA,5.098271231086549,2.2742108982329263,0,3,5,7,10,▃▅▇▆▁
numeric,ppltrst,758,0.997389789185876,NA,NA,NA,NA,NA,NA,NA,NA,5.184266675873411,2.411529697594311,0,4,5,7,10,▃▅▇▇▁
numeric,lrscale,29696,0.8977403425643428,NA,NA,NA,NA,NA,NA,NA,NA,5.041476475055832,2.1837701604394413,0,4,5,6,10,▂▅▇▃▁
numeric,polintr,510,0.9982437895577794,NA,NA,NA,NA,NA,NA,NA,NA,2.5597679103652435,0.9069604645173905,1,2,3,3,4,▂▇▁▇▃
numeric,stfdem,9005,0.9689908332702016,NA,NA,NA,NA,NA,NA,NA,NA,5.47455338263587,2.461073270695191,0,4,6,7,10,▃▅▇▇▂
numeric,stfeco,5526,0.9809709433260559,NA,NA,NA,NA,NA,NA,NA,NA,4.8676633716198,2.473000145840733,0,3,5,7,10,▅▆▇▇▂
numeric,stfgov,10436,0.9640631133823235,NA,NA,NA,NA,NA,NA,NA,NA,4.4101520920694295,2.4472039651726845,0,3,5,6,10,▆▆▇▅▁
numeric,stflife,1192,0.995895288535045,NA,NA,NA,NA,NA,NA,NA,NA,7.1772266135556455,2.1243278052267276,0,6,8,9,10,▁▁▃▇▅
numeric,trstep,24408,0.9159498343652505,NA,NA,NA,NA,NA,NA,NA,NA,4.597684123463426,2.3853074391048015,0,3,5,6,10,▅▅▇▅▁
numeric,trstlgl,5943,0.9795349830232991,NA,NA,NA,NA,NA,NA,NA,NA,5.383403350265533,2.585101326934204,0,4,6,7,10,▅▅▇▇▂
numeric,trstplc,2321,0.9920075207129526,NA,NA,NA,NA,NA,NA,NA,NA,6.400809505792361,2.36084476004364,0,5,7,8,10,▂▂▅▇▃
numeric,trstplt,4569,0.9842664205676348,NA,NA,NA,NA,NA,NA,NA,NA,3.786319792603171,2.383454311855897,0,2,4,6,10,▇▆▇▃▁
numeric,trstprl,7521,0.9741010613020751,NA,NA,NA,NA,NA,NA,NA,NA,4.747883355663466,2.527155325363986,0,3,5,7,10,▅▅▇▆▁
numeric,trstprt,32641,0.88759908814799,NA,NA,NA,NA,NA,NA,NA,NA,3.7593120652396665,2.3547493680663822,0,2,4,5,10,▇▆▇▃▁
numeric,imsmetn,9051,0.9688324299754131,NA,NA,NA,NA,NA,NA,NA,NA,2.113034793333355,0.8226964702816731,1,2,2,3,4,▃▇▁▃▁
numeric,imdfetn,9287,0.9680197522021502,NA,NA,NA,NA,NA,NA,NA,NA,2.3614693128341293,0.8642213331855702,1,2,2,3,4,▃▇▁▆▂
numeric,impcntr,8061,0.9722415443632532,NA,NA,NA,NA,NA,NA,NA,NA,2.4227430340336933,0.8860088981759201,1,2,2,3,4,▃▇▁▆▂
numeric,imbgeco,9528,0.9671898566794537,NA,NA,NA,NA,NA,NA,NA,NA,5.24591804037432,2.404481710908872,0,4,5,7,10,▃▃▇▆▂
numeric,imueclt,9041,0.9688668654742801,NA,NA,NA,NA,NA,NA,NA,NA,5.947380018979377,2.4357391443707725,0,5,6,8,10,▂▃▇▇▃
numeric,imwbcnt,9608,0.9669143726885171,NA,NA,NA,NA,NA,NA,NA,NA,5.184938922325287,2.2447173923964767,0,4,5,7,10,▂▃▇▅▁
numeric,blgetmg,56703,0.8047403907740411,NA,NA,NA,NA,NA,NA,NA,NA,1.961873381972232,0.19150231317937827,1,2,2,2,2,▁▁▁▁▇
numeric,brncntr,301,0.9989634914841011,NA,NA,NA,NA,NA,NA,NA,NA,1.095499091683075,0.2939035776085546,1,1,1,1,2,▇▁▁▁▁
numeric,facntr,1384,0.9952341269567972,NA,NA,NA,NA,NA,NA,NA,NA,1.126243019369362,0.33212362320927796,1,1,1,1,2,▇▁▁▁▁
numeric,happy,1061,0.9963463935702036,NA,NA,NA,NA,NA,NA,NA,NA,7.466760213868248,1.8398108435130722,0,7,8,9,10,▁▁▃▇▅
numeric,mocntr,788,0.9972864826892747,NA,NA,NA,NA,NA,NA,NA,NA,1.1228859500707544,0.32830681613364254,1,1,1,1,2,▇▁▁▁▁
numeric,rlgdgr,2165,0.9925447144952789,NA,NA,NA,NA,NA,NA,NA,NA,4.5651677635805346,3.034135873594958,0,2,5,7,10,▇▃▇▆▂
numeric,gndr,528,0.9981818056598186,NA,NA,NA,NA,NA,NA,NA,NA,1.523579535653918,0.49944455752243033,1,1,2,2,2,▇▁▁▁▇
numeric,agea,1518,0.9947726912719784,NA,NA,NA,NA,NA,NA,NA,NA,48.66884865688738,18.722602119349443,14,34,49,63,114,▆▇▇▂▁
numeric,domicil,934,0.9967837244058154,NA,NA,NA,NA,NA,NA,NA,NA,3.0195706547273367,1.2070089445568244,1,2,3,4,5,▅▃▇▇▂
numeric,eduyrs,4019,0.9861603730053238,NA,NA,NA,NA,NA,NA,NA,NA,12.60546513536269,4.2315767189976805,0,10,12,15,30,▁▇▇▁▁
numeric,eisced,34473,0.8812905047555424,NA,NA,NA,NA,NA,NA,NA,NA,3.8136524372370215,1.8722086419439978,1,2,4,5,7,▇▅▅▃▆
numeric,hincfel,6599,0.9772760142976191,NA,NA,NA,NA,NA,NA,NA,NA,1.8803836518099937,0.8077751329182794,1,1,2,2,4,▆▇▁▂▁
numeric,mnactic,1928,0.9933608358184285,NA,NA,NA,NA,NA,NA,NA,NA,3.178604360938541,2.617522834601304,1,1,1,6,9,▇▁▁▃▁
numeric,inwyys,108696,0.6256999015144733,NA,NA,NA,NA,NA,NA,NA,NA,2012.2051545937834,4.032788828994028,2006,2008,2012,2016,2020,▇▆▇▆▅
numeric,inwyye,108733,0.625572490168665,NA,NA,NA,NA,NA,NA,NA,NA,2012.2073431866265,4.032376104904309,2006,2008,2012,2016,2020,▇▆▇▆▅
numeric,anio,0,1,NA,NA,NA,NA,NA,NA,NA,NA,2011.9680369699195,6.454203013051772,2002,2006,2012,2018,2023,▇▅▅▅▆
numeric,idx_actitud,18854,0.9350753104360223,NA,NA,NA,NA,NA,NA,NA,NA,5.47584308006555,2.059971692074058,0,4.333333333333333,5.666666666666667,7,10,▂▃▇▆▂
numeric,idx_permisividad,12744,0.9561154002438034,NA,NA,NA,NA,NA,NA,NA,NA,2.7049397211397515,0.7808124543908358,1,2,3,3,4,▂▅▅▇▃
numeric,idx_conf_inst,39123,0.8652779977823539,NA,NA,NA,NA,NA,NA,NA,NA,4.4206317779329085,2.1564234470176444,0,2.75,4.5,6,10,▅▆▇▅▁
numeric,idx_conf_interp,2724,0.9906197701086096,NA,NA,NA,NA,NA,NA,NA,NA,5.389155780501645,1.879346464462183,0,4.333333333333333,5.666666666666667,6.666666666666667,10,▁▃▇▇▁
numeric,idx_conf_inst3,11988,0.9587187239581539,NA,NA,NA,NA,NA,NA,NA,NA,4.644472779952911,2.1887601033462274,0,3,5,6.333333333333333,10,▃▆▇▆▁
